insert into shop_bee.users (id, username, password, email, phone, created_at, gender, dob, is_locked, avatar, fullname, role)
VALUES  (100, 'hanhpro', 'xQI9dArilfTVHDd1YeydSmRjZKQ=', 'ngoconghanh2k4@gmail.com', null, '2024-06-11 22:37:47', 'male', '2004-05-15', false, null, null, 'SELLER');

insert into shop_bee.sellers (id, avatar, shop_name, description, address_id, user_id, views, created_at, is_locked)
VALUES (100, 'SellerImages/11/avatar.png,SellerImages/11/cover.png', 'iPhone Store', null, null, 100, 0, '2024-06-11 22:46:43', null);

insert into shop_bee.products (id, name, description, img_path, category_id, seller_id, created_at, discount, views, sales, product_status_id)
values   (400, 'Điện thoại Apple iPhone 15 Pro Max ', 'Thông số kỹ thuật:

- 6.7″

- Màn hình Super Retina XDR

- Màn hình Luôn Bật

- Công nghệ ProMotion

- Titan với mặt sau bằng kính nhám

- Nút Tác Vụ

- Dynamic Island

- Chip A17 Pro với GPU 6 lõi

- SOS Khẩn Cấp

- Phát Hiện Va Chạm

- Pin: Thời gian xem video lên đến 29 giờ

- USB‑C: Hỗ trợ USB 3 cho tốc độ truyền tải nhanh hơn đến 20x



Camera sau

- Chính 48MP | Ultra Wide | Telephoto

- Ảnh có độ phân giải siêu cao (24MP và 48MP)

- Ảnh chân dung thế hệ mới với Focus và Depth Control

- Phạm vi thu phóng quang học lên đến 10x



Bộ sản phẩm bao gồm:

•        Điện thoại

•        Dây sạc

•        HDSD Bảo hành điện tử 12 tháng.



Thông tin bảo hành:

Bảo hành: 12 tháng kể từ ngày kích hoạt sản phẩm.

Kích hoạt bảo hành tại: https://checkcoverage.apple.com/vn/en/

', 'ImageProduct/400/400_0.png,ImageProduct/400/400_1.png,ImageProduct/400/400_2.png,ImageProduct/400/400_3.png,ImageProduct/400/400_4.png', 15, 100, '2024-06-12 09:29:10', 4, 1, 0, 1),
         (401, 'Điện thoại Apple iPhone 15 ', 'Thông số kỹ thuật:

- 6.1″

- Màn hình Super Retina XDR

- Nhôm với mặt sau bằng kính pha màu

- Nút chuyển đổi Chuông/Im Lặng

- Dynamic Island

- Chip A16 Bionic với GPU 5 lõi

- SOS Khẩn Cấp

- Phát Hiện Va Chạm

- Pin: Thời gian xem video lên đến 26 giờ

- USB‑C: Hỗ trợ USB 2



Camera sau

- Chính 48MP | Ultra Wide

- Ảnh có độ phân giải siêu cao (24MP và 48MP)

- Ảnh chân dung thế hệ mới với Focus và Depth Control

- Phạm vi thu phóng quang học 4x



Bộ sản phẩm bao gồm:

•        Điện thoại

•        Dây sạc

•        HDSD Bảo hành điện tử 12 tháng.



Thông tin bảo hành:

Bảo hành: 12 tháng kể từ ngày kích hoạt sản phẩm.

Kích hoạt bảo hành tại: https://checkcoverage.apple.com/vn/en/', 'ImageProduct/401/401_0.png,ImageProduct/401/401_1.png,ImageProduct/401/401_2.png,ImageProduct/401/401_3.png', 15, 100, '2024-06-12 09:41:40', 3, 2, 0, 1),
         (402, 'Điện thoại Apple iPhone 13 ', 'iPhone 13

Hệ thống camera kép tiên tiến nhất từng có trên iPhone. Chip A15 Bionic thần tốc. Bước nhảy vọt về

thời lượng pin. Thiết kế bền bỉ. Mạng 5G siêu nhanh.1 Cùng với màn hình Super Retina XDR sáng hơn.



Tính năng nổi bật

• Màn hình Super Retina XDR 6.1 inch2

• Chế độ Điện Ảnh làm tăng thêm độ sâu trường ảnh nông và tự động thay đổi tiêu cự trong video

• Hệ thống camera kép tiên tiến với camera Wide và Ultra Wide 12MP; Phong Cách Nhiếp Ảnh, HDR thông

minh thế hệ 4, chế độ Ban Đêm, khả năng quay video HDR Dolby Vision 4K

• Camera trước TrueDepth 12MP với chế độ Ban Đêm và khả năng quay video HDR Dolby Vision 4K

• Chip A15 Bionic cho hiệu năng thần tốc

• Thời gian xem video lên đến 19 giờ3

• Thiết kế bền bỉ với Ceramic Shield

• Khả năng chống nước đạt chuẩn IP68 đứng đầu thị trường4

• Mạng 5G cho tốc độ tải xuống siêu nhanh, xem video và nghe nhạc trực tuyến chất lượng cao1

• iOS 15 tích hợp nhiều tính năng mới cho phép bạn làm được nhiều việc hơn bao giờ hết với iPhone 5



Bộ sản phẩm bao gồm

1. Điện thoại

2. Dây sạc', 'ImageProduct/402/402_0.png,ImageProduct/402/402_1.png,ImageProduct/402/402_2.png,ImageProduct/402/402_3.png', 15, 100, '2024-06-12 09:51:45', 18, 0, 0, 1),
         (403, 'Tai nghe AirPods Pro (thế hệ thứ 2) với Hộp Sạc MagSafe (USB-C)', 'Tổng Quan

Âm thanh. Được thiết kế lại hoàn toàn

AirPods Pro (thế hệ thứ 2) với Hộp Sạc MagSafe (USB-C) có khả năng Chủ Động Khử Tiếng Ồn cao hơn đến 2 lần so với thế hệ trước, cùng chế độ Xuyên Âm giúp bạn nghe thấy thế giới xung quanh mình và Âm Thanh Thích Ứng hoàn toàn mới điều chỉnh việc kiểm soát tiếng ồn theo môi trường của bạn một cách linh động. Nhận Biết Cuộc Hội Thoại giúp giảm âm lượng của nội dung đang nghe và tăng cường giọng nói phía trước bạn khi bạn đang tương tác với người khác. Một lần sạc duy nhất mang lại thời lượng pin lên đến 6 giờ. Và tính năng Điều khiển bằng thao tác chạm giúp bạn dễ dàng điều chỉnh âm lượng bằng một lần vuốt. Hộp Sạc MagSafe là một thiết bị độc lập tuyệt vời với loa tích hợp và dây đeo.', 'ImageProduct/403/403_0.png,ImageProduct/403/403_1.png,ImageProduct/403/403_2.png,ImageProduct/403/403_3.png', 15, 100, '2024-06-12 09:58:04', 11, 0, 0, 1),
         (404, 'Sạc Apple 20W USB-C Power Adapter(2024)', 'Bộ Sạc Apple USB-C 20W giúp sạc nhanh và hiệu quả tại nhà, trong văn phòng hoặc khi đang di chuyển. Tuy bộ sạc này tương thích với mọi thiết bị có cổng USB-C, nhưng Apple khuyên bạn nên sử dụng phụ kiện này với iPad Pro 11 inch và iPad Pro 12.9 inch (thế hệ thứ 3) để đạt hiệu quả sạc tối ưu. Bạn cũng có thể sử dụng với iPhone 8 hoặc các phiên bản cao hơn để tận dụng tính năng sạc nhanh.



Không bán kèm cáp sạc. ', 'ImageProduct/404/404_0.png,ImageProduct/404/404_1.png,ImageProduct/404/404_2.png,ImageProduct/404/404_3.png', 15, 100, '2024-06-12 10:02:46', 47, 3, 0, 1),
         (405, 'Máy tính bảng Apple iPad Gen 9th 10.2-inch Wi-Fi 64GB', 'Mạnh mẽ. Dễ sử dụng. Đa năng. iPad mới có màn hình Retina tuyệt đẹp, chip A13 Bionic mạnh mẽ, camera trước Ultra Wide có tính năng Trung Tâm Màn Hình, tương thích với Apple Pencil và Smart Keyboard (1). iPad giúp bạn dễ dàng làm được nhiều việc hơn nữa. Tất cả tính năng với mức giá ấn tượng.



Tính năng nổi bật

•	Màn hình Retina 10.2 inch sống động với True Tone

•	Chip A13 Bionic với Neural Engine

•	Camera sau Wide 8MP, camera trước Ultra Wide 12MP với tính năng Trung Tâm Màn Hình

•	Ổ lưu trữ lên tới 64GB

•	Loa stereo

•	Xác thực bảo mật với Touch ID

•	Wi-Fi 802.11ac

•	Thời lượng pin lên tới 10 giờ (3)

•	Cổng kết nối Lightning để sạc và kết nối phụ kiện

•	Tương thích với Apple Pencil (thế hệ thứ 1) và Smart Keyboard (1)

•	iPadOS 15 sở hữu sức mạnh độc đáo, dễ sử dụng và được thiết kế cho tính đa năng của iPad', 'ImageProduct/405/405_0.png,ImageProduct/405/405_1.png,ImageProduct/405/405_2.png,ImageProduct/405/405_3.png', 15, 100, '2024-06-12 10:17:00', 39, 0, 0, 1),
         (406, 'Máy tính xách tay Apple MacBook Air 15 inch (2023) M2 Chip 8GB, 512GB', 'CPU 8 Lõi

GPU 10 Lõi

Bộ Nhớ Thống Nhất 8GB

Ổ Lưu Trữ SSD 512GBchú thích¹

Neural Engine 16 lõi

Màn hình Liquid Retina 15,3 inch với True Tone³

Camera FaceTime HD 1080p

Cổng sạc MagSafe 3

Hai cổng Thunderbolt / USB 4

Magic Keyboard với Touch ID

Bàn di chuột Force Touch

Bộ Tiếp Hợp Nguồn Cổng USB-C Kép 35W



Trong hộp có gì

MacBook Air 15 inch với chip M2

Cáp USB-C sang MagSafe 3 (2m)

Bộ Tiếp Hợp Nguồn USB-C', 'ImageProduct/406/406_0.png,ImageProduct/406/406_1.png,ImageProduct/406/406_2.png,ImageProduct/406/406_3.png', 15, 100, '2024-06-12 10:28:02', 18, 0, 0, 1),
         (407, 'Máy tính xách tay MacBook Pro- M3 Pro Chip, 16-inch, 18GB, 512GB', 'Thông số kỹ thuật

- Chip Apple M3 Pro với CPU 12 lõi, GPU 18 lõi và Neural Engine 16 lõi

- Bộ nhớ thống nhất 18GB

- Ổ lưu trữ SSD 512GB

- Màn hình Liquid Retina XDR 16 inch²

- Bộ Tiếp Hợp Nguồn USB-C 140W

-Ba cổng Thunderbolt 4, cổng HDMI, khe thẻ nhớ SDXC, giắc cắm tai nghe, cổng MagSafe 3

- Bàn phím Magic Keyboard có đèn nền với Touch ID - Tiếng Anh (Mỹ)



Thông tin bảo hành:

Bảo hành: 12 tháng kể từ ngày kích hoạt sản phẩm.

Kích hoạt bảo hành tại: https://checkcoverage.apple.com/vn/en/', 'ImageProduct/407/407_0.png,ImageProduct/407/407_1.png,ImageProduct/407/407_2.png,ImageProduct/407/407_3.png', 15, 100, '2024-06-12 10:34:09', 2, 0, 0, 1),
         (408, 'Bút cảm ứng Apple Pencil (2nd Generation)', 'Apple Pencil. Dùng dễ chưa từng thấy. Gắn kết bằng nam châm. Sạc không cần dây.

Với độ chính xác hoàn hảo đến từng điểm ảnh cùng tính năng nhạy với độ nghiêng và lực ấn, Apple Pencil (thế hệ thứ 2) dễ dàng biến hóa thành công cụ sáng tạo, thành cọ vẽ, thành chì than hoặc thành cây bút chì yêu thích của bạn. Bút này giúp bạn vẽ, phác họa, viết các nét nguệch ngoạc và ghi chú hiệu quả hơn bao giờ hết.

Apple Pencil (thế hệ thứ 2), sức sống tươi mới cho công việc, trên từng đường nét. Gần như không có độ trễ, lại chính xác hoàn hảo đến từng điểm ảnh, tính năng nhạy với độ nghiêng và lực ấn, Apple Pencil dễ dàng biến hóa thành công cụ sáng tạo, thành cọ vẽ, thành chì than hoặc thành cây bút chì yêu thích của bạn. Bút này giúp bạn vẽ, phác họa, viết các nét nguệch ngoạc và ghi chú hiệu quả hơn bao giờ hết.
Bút gắn kết vào iPad Pro bằng nam châm, sạc không cần dây và cho phép bạn thay đổi công cụ chỉ với một cú chạm đúp đơn giản.

*Tương thích với iPad Pro 12.9 inch (thế hệ thứ 3, 4 và 5), iPad Pro 11 inch (thế hệ thứ 1, 2 và 3) và iPad Air (thế hệ thứ 4).', 'ImageProduct/408/408_0.png,ImageProduct/408/408_1.png,ImageProduct/408/408_2.png,ImageProduct/408/408_3.png', 15, 100, '2024-06-12 10:39:49', 28, 0, 0, 1),
         (409, 'Đồng hồ Apple Watch SE (2023) 44mm (GPS) Viền nhôm - Dây cao su', 'Tại Việt Nam, về chính sách bảo hành và đổi trả của Apple, "sẽ được áp dụng chung" theo các điều khoản được liệt kê dưới đây:



1) Chính sách chung: https://www.apple.com/legal/warranty/products/warranty-rest-of-apac-vietnamese.html



2) Chính sách cho phụ kiện: https://www.apple.com/legal/warranty/products/accessory-warranty-vietnam.html



3) Các trung tâm bảo hành Apple ủy quyền tại Việt Nam: https://getsupport.apple.com/repair-locations?locale=vi_VN



Qúy khách vui lòng đọc kỹ hướng dẫn và quy định trên các trang được Apple công bố công khai, Shop chỉ có thể hỗ trợ theo đúng chính sách được đăng công khai của thương hiệu Apple tại Việt Nam,', 'ImageProduct/409/409_0.png,ImageProduct/409/409_1.png,ImageProduct/409/409_2.png,ImageProduct/409/409_3.png', 15, 100, '2024-06-12 10:47:16', 5, 0, 0, 1);


insert into shop_bee.variation (id, product_id, name)
values  (1000, 400, 'Màu Sắc'),
        (1001, 400, 'Dung lượng'),
        (1002, 401, 'Màu sắc'),
        (1003, 401, 'Dung lượng'),
        (1004, 402, 'Màu sắc'),
        (1005, 402, 'Dung lượng'),
        (1006, 403, 'Màu Sắc'),
        (1007, 404, 'Màu Sắc'),
        (1008, 405, 'Màu sắc'),
        (1009, 406, 'Màu sắc'),
        (1010, 407, 'Màu sắc'),
        (1011, 409, 'Màu sắc');

insert into shop_bee.variation_option (id, variation_id, value)
values  (5000, 1000, 'Titan - Tự nhiên'),
        (5001, 1001, '256GB'),
        (5002, 1001, '512GB'),
        (5003, 1001, '1TB'),
        (5004, 1000, 'Titan - Xanh'),
        (5005, 1000, 'Titan - Trắng'),
        (5006, 1000, 'Titan - Đen'),
        (5007, 1002, 'Xanh dương'),
        (5008, 1003, '128GB'),
        (5009, 1003, '256GB'),
        (5010, 1003, '512GB'),
        (5011, 1003, '1TB'),
        (5012, 1002, 'Vàng'),
        (5013, 1002, 'Hồng'),
        (5014, 1002, 'Xanh lá'),
        (5015, 1002, 'Đen'),
        (5016, 1004, 'Midnight'),
        (5017, 1005, '128GB'),
        (5018, 1005, '256GB'),
        (5019, 1005, '512GB'),
        (5020, 1004, 'While'),
        (5021, 1004, 'Blue'),
        (5022, 1004, 'Red'),
        (5023, 1004, 'Pink'),
        (5024, 1004, 'Green'),
        (5025, 1006, 'Trắng'),
        (5026, 1007, 'Trắng'),
        (5027, 1008, 'Space Gray'),
        (5028, 1008, 'Silver'),
        (5029, 1009, 'Space Grey'),
        (5030, 1009, 'StarLight'),
        (5031, 1009, 'Silver'),
        (5032, 1009, 'MidNight'),
        (5033, 1010, 'Space Black'),
        (5034, 1010, 'Silver'),
        (5035, 1011, 'StarLight'),
        (5036, 1011, 'MidNight'),
        (5037, 1011, 'Storm Blue');

insert into shop_bee.product_item (id, product_id, img_path, variation1, variation2, qty_in_stock, price)
values  (5001, 400, 'ImageProduct/400/400_01.png', 5000, 5001, 100, 30700000),
        (5002, 400, 'ImageProduct/400/400_01.png', 5000, 5002, 100, 30700000),
        (5003, 400, 'ImageProduct/400/400_01.png', 5000, 5003, 100, 30700000),
        (5004, 400, 'ImageProduct/400/400_04.png', 5004, 5001, 100, 30700000),
        (5005, 400, 'ImageProduct/400/400_04.png', 5004, 5002, 100, 30700000),
        (5006, 400, 'ImageProduct/400/400_04.png', 5004, 5003, 100, 30700000),
        (5007, 400, 'ImageProduct/400/400_07.png', 5005, 5001, 100, 30700000),
        (5008, 400, 'ImageProduct/400/400_07.png', 5005, 5002, 100, 30700000),
        (5009, 400, 'ImageProduct/400/400_07.png', 5005, 5003, 100, 30700000),
        (5010, 400, 'ImageProduct/400/400_010.png', 5006, 5001, 100, 30700000),
        (5011, 400, 'ImageProduct/400/400_010.png', 5006, 5002, 100, 30700000),
        (5012, 400, 'ImageProduct/400/400_010.png', 5006, 5003, 100, 30700000),
        (5013, 401, 'ImageProduct/401/401_01.png', 5007, 5008, 30, 20000000),
        (5014, 401, 'ImageProduct/401/401_01.png', 5007, 5009, 30, 20000000),
        (5015, 401, 'ImageProduct/401/401_01.png', 5007, 5010, 30, 20000000),
        (5016, 401, 'ImageProduct/401/401_01.png', 5007, 5011, 30, 20000000),
        (5017, 401, 'ImageProduct/401/401_05.png', 5012, 5008, 30, 20000000),
        (5018, 401, 'ImageProduct/401/401_05.png', 5012, 5009, 30, 20000000),
        (5019, 401, 'ImageProduct/401/401_05.png', 5012, 5010, 30, 20000000),
        (5020, 401, 'ImageProduct/401/401_05.png', 5012, 5011, 30, 20000000),
        (5021, 401, 'ImageProduct/401/401_09.png', 5013, 5008, 30, 20000000),
        (5022, 401, 'ImageProduct/401/401_09.png', 5013, 5009, 30, 20000000),
        (5023, 401, 'ImageProduct/401/401_09.png', 5013, 5010, 30, 20000000),
        (5024, 401, 'ImageProduct/401/401_09.png', 5013, 5011, 30, 20000000),
        (5025, 401, 'ImageProduct/401/401_013.png', 5014, 5008, 30, 20000000),
        (5026, 401, 'ImageProduct/401/401_013.png', 5014, 5009, 30, 20000000),
        (5027, 401, 'ImageProduct/401/401_013.png', 5014, 5010, 30, 20000000),
        (5028, 401, 'ImageProduct/401/401_013.png', 5014, 5011, 30, 20000000),
        (5029, 401, 'ImageProduct/401/401_017.png', 5015, 5008, 30, 20000000),
        (5030, 401, 'ImageProduct/401/401_017.png', 5015, 5009, 30, 20000000),
        (5031, 401, 'ImageProduct/401/401_017.png', 5015, 5010, 30, 20000000),
        (5032, 401, 'ImageProduct/401/401_017.png', 5015, 5011, 30, 20000000),
        (5033, 402, 'ImageProduct/402/402_01.png', 5016, 5017, 100, 16900000),
        (5034, 402, 'ImageProduct/402/402_01.png', 5016, 5018, 100, 16900000),
        (5035, 402, 'ImageProduct/402/402_01.png', 5016, 5019, 100, 16900000),
        (5036, 402, 'ImageProduct/402/402_04.png', 5020, 5017, 100, 16900000),
        (5037, 402, 'ImageProduct/402/402_04.png', 5020, 5018, 100, 16900000),
        (5038, 402, 'ImageProduct/402/402_04.png', 5020, 5019, 100, 16900000),
        (5039, 402, 'ImageProduct/402/402_07.png', 5021, 5017, 100, 16900000),
        (5040, 402, 'ImageProduct/402/402_07.png', 5021, 5018, 100, 16900000),
        (5041, 402, 'ImageProduct/402/402_07.png', 5021, 5019, 100, 16900000),
        (5042, 402, 'ImageProduct/402/402_010.png', 5022, 5017, 100, 16900000),
        (5043, 402, 'ImageProduct/402/402_010.png', 5022, 5018, 100, 16900000),
        (5044, 402, 'ImageProduct/402/402_010.png', 5022, 5019, 100, 16900000),
        (5045, 402, 'ImageProduct/402/402_013.png', 5023, 5017, 100, 16900000),
        (5046, 402, 'ImageProduct/402/402_013.png', 5023, 5018, 100, 16900000),
        (5047, 402, 'ImageProduct/402/402_013.png', 5023, 5019, 100, 16900000),
        (5048, 402, 'ImageProduct/402/402_016.png', 5024, 5017, 100, 16900000),
        (5049, 402, 'ImageProduct/402/402_016.png', 5024, 5018, 100, 16900000),
        (5050, 402, 'ImageProduct/402/402_016.png', 5024, 5019, 100, 16900000),
        (5051, 403, 'ImageProduct/403/403_01.png', null, 5025, 50, 6199000),
        (5052, 404, 'ImageProduct/404/404_0.png', null, null, 100, 790000),
        (5053, 405, 'ImageProduct/405/405_01.png', null, 5027, 100, 11990000),
        (5054, 405, 'ImageProduct/405/405_02.png', null, 5028, 100, 11990000),
        (5055, 406, 'ImageProduct/406/406_01.png', null, 5029, 100, 37990000),
        (5056, 406, 'ImageProduct/406/406_02.png', null, 5030, 100, 37990000),
        (5057, 406, 'ImageProduct/406/406_03.png', null, 5031, 100, 37990000),
        (5058, 406, 'ImageProduct/406/406_04.png', null, 5032, 100, 37990000),
        (5059, 407, 'ImageProduct/407/407_01.png', null, 5033, 20, 64999000),
        (5060, 407, 'ImageProduct/407/407_02.png', null, 5034, 20, 64999000),
        (5061, 408, 'ImageProduct/408/408_0.png', null, null, 100, 3890000),
        (5062, 409, 'ImageProduct/409/409_01.png', null, 5035, 150, 7490000),
        (5063, 409, 'ImageProduct/409/409_02.png', null, 5036, 150, 7490000),
        (5064, 409, 'ImageProduct/409/409_03.png', null, 5037, 150, 7490000);

