INSERT INTO `address` VALUES
                          (20000,'Xuân Ngọc','19531','466','45','2024-06-12 17:03:33','2024-06-12 17:03:33',NULL,NULL),
                          (20001,'Xuân Ngọc','19531','466','45','2024-06-12 17:03:33','2024-06-12 17:03:33',NULL,NULL),
                          (20002,'Thôn Xuân Ngọc','00181','006','01','2024-06-12 18:02:16','2024-06-12 18:02:16',NULL,NULL);

INSERT INTO `categories` VALUES
    (20000,'Phụ kiện máy tính',NULL);


INSERT INTO `users` VALUES (11,'dotuangv','Zt64Mhn6h21achuLIW4VVivGvTQ=','dotuangv@gmail.com',NULL,'2024-06-12 15:31:24','male','2004-07-01',_binary '\0','USER_AVATAR/default/default.png',NULL,'SELLER'),
                           (20000,'dochoitreem','qDM8mk+gHj8fRpRoIlDG9+vWUBs=','dovantuan.gv2004@gmail.com',NULL,'2024-06-12 17:50:01','male','2004-07-01',_binary '\0',NULL,NULL,'SELLER');

INSERT INTO `sellers` VALUES (20000,'SellerImages/11/avatar.png,SellerImages/11/cover.png','Phím Cơ Siêu Rẻ',NULL,20000,11,0,'2024-06-13 00:03:33',NULL),
                             (20001,'SellerImages/11/avatar.png,SellerImages/11/cover.png','Phím Cơ Siêu Rẻ',NULL,20001,11,0,'2024-06-13 00:03:33',NULL),
                             (20002,'SellerImages/20000/avatar.png,SellerImages/20000/cover.png','Đồ Chơi Trẻ Em',NULL,20002,20000,0,'2024-06-13 01:02:16',NULL);

INSERT INTO `products` VALUES (129,'Bàn Phím Cơ Bluetooth Không Dây K86 RGB PRO VIP Có Màn Hình, App Tùy Chỉnh HOTSWAP 5 Pin, Lót Foam','Phiên bản K86RGB Pro không dây là sự lựa chọn hoàn hảo cho những ai đang tìm kiếm một bàn phím gaming tiện lợi và đa năng. Dưới đây là những tính năng nổi bật của sản phẩm:\n\n\n\n1. **Hỗ trợ 3 chế độ kết nối**: Bạn có thể kết nối bàn phím qua cáp typeC, bluetooth hoặc USB 2.4, giúp bạn linh hoạt trong việc sử dụng ở nhiều tình huống khác nhau.\n\n\n\n2. **Thiết kế gọn gàng và thuận tiện di chuyển**: Với bố cục bài trí khoa học, bàn phím được thiết kế gọn nhẹ, giúp bạn dễ dàng mang theo khi cần di chuyển.\n\n\n\n3. **Đèn led RGB đa dạng chế độ nháy**: Trang bị đèn led RGB với nhiều chế độ nháy đẹp mắt, bạn có thể tùy chỉnh theo sở thích của mình.\n\n\n\n4. **Dung lượng pin lớn và thời gian sử dụng lâu dài**: Pin dung lượng cao lên tới 3200mAh giúp bạn sử dụng được bàn phím trong thời gian dài, có thể lên đến 7 ngày sử dụng liên tục và thời gian chờ lên tới 100 ngày.\n\n\n\n5. **App tùy chỉnh đa tính năng**: Bạn có thể tải và sử dụng app tùy chỉnh để điều chỉnh và cài đặt nhiều tính năng khác nhau như chỉnh led, tính năng núm xoay, màn hình, v.v.\n\n\n\n6. **Cấu trúc Gasket cao cấp và cách âm tốt**: Với cấu trúc Gasket cao cấp 11 lớp và lót foam, bàn phím giúp giảm tiếng ồn và cho âm thanh gõ phím trở nên sạch sẽ hơn.\n\n\n\n7. **Tính năng HOTSWAP và mạch 5 pin ưu việt**: Tính năng HOTSWAP cho phép bạn dễ dàng thay thế được tất cả các loại switch một cách nhanh chóng và thuận tiện.\n\n\n\n8. **Chế độ kết nối riêng biệt cho các hệ điều hành**: Bạn có thể chọn các chế độ kết nối riêng biệt cho các hệ điều hành Windown và IOS, giúp tối ưu hóa trải nghiệm sử dụng.\n\n\n\n9. **Màn hình led có thể tùy chỉnh**: Màn hình led trên bàn phím cho phép bạn tùy chỉnh nhiều cài đặt, thậm chí cài hình nền theo sở thích của bạn.\n\n\n\nVới những tính năng và ưu điểm trên, phiên bản K86RGB Pro là một trong những lựa chọn hàng đầu cho người dùng đam mê gaming. Bạn có thể tải và cài đặt app tại link sau: [Link APP](https://drive.google.com/file/d/1HyIiO3R3nTw-_FDS83ZHljGihHlRM1mf/view?usp=drive_link)','ImageProduct/129/129_0.png,ImageProduct/129/129_1.png,ImageProduct/129/129_2.png,ImageProduct/129/129_3.png,ImageProduct/129/129_4.png,ImageProduct/129/129_5.png,ImageProduct/129/129_6.png,ImageProduct/129/129_7.png,ImageProduct/129/129_8.png',20000,20000,'2024-06-13 00:09:42',38,0,0,1),
                              (130,'Bàn Phím Cơ Gaming Không Dây Bluetooth XM87 V2 PRO NEW 2024 LED RGB Pro Keycap Xịn, White Switch, Hotswap, 3 Mode','🦈💥 **Bàn Phím Cơ ATTACK SHARK M87 - Sức Mạnh và Phong Cách Đỉnh Cao** 💥🦈\n\n\n\n🌟 **Chất Lượng Cao Cấp, Sự Lựa Chọn Tuyệt Vời**:\n\n- Thương hiệu: ATTACK SHARK\n\n- Mô hình: M87\n\n- Phiên Bản: \n\n  1. Cao cấp Bộ keycap Góc Nhìn Thứ Nhất\n\n  2. Bộ keycap cơ bản\n\n- Số lượng phím: 87 phím\n\n- Có thể thay thế nóng: Hỗ trợ, Hotswap 5 pin\n\n- Công tắc: Công tắc White Switch\n\n- Hiệu ứng ánh sáng hỗn hợp: Hơn 20 hiệu ứng ánh sáng\n\n\n\n🔌 **Kết Nối Đa Dạng, Linh Hoạt**:\n\n- Loại giao diện: Type-C\n\n- Chế độ kết nối: Có dây, Không dây\n\n- Phiên bản 3 chế độ: Có dây, Bluetooth, Bộ thu 2.4G\n\n\n\n💡 **Ánh Sáng Sắc Nét, Phong Cách Độc Đáo**:\n\n- Tất cả các phím đều chống bóng mờ Chất liệu PBT Double Shot cao cấp\n\n- Hiệu ứng ánh sáng đa dạng, tạo điểm nhấn và không gian chơi game sôi động\n\n\n\n🚀 **Hỗ Trợ Đa Hệ Điều Hành và Thiết Bị**:\n\n- Kích thước sản phẩm: 35X15X3CM\n\n\n\n📱 **Ứng Dụng Tùy Chỉnh, Dễ Dàng Điều Chỉnh**:\n\n- App cài tùy chỉnh nhiều chế độ setting, giúp bạn tinh chỉnh và tùy biến theo ý muốn\n\n\n\n🔗 **Link Tải App Cài Đặt**: [Tải Ngay Tại Đây](https://drive.google.com/drive/folders/1NScxuMvgjt231z3UeIgecC_veap9ICvm?usp=drive_link)\n\n\n\n🔥 Khám phá ngay sự hoàn hảo của Bàn Phím Cơ ATTACK SHARK M87 - Đồng Hành Đáng Tin Cậy cho mọi Game Thủ và Người Dùng! ','ImageProduct/130/130_0.png,ImageProduct/130/130_1.png,ImageProduct/130/130_2.png,ImageProduct/130/130_3.png,ImageProduct/130/130_4.png,ImageProduct/130/130_5.png,ImageProduct/130/130_6.png,ImageProduct/130/130_7.png,ImageProduct/130/130_8.png',20000,20000,'2024-06-13 00:14:57',43,0,0,1),
                              (131,'Bàn phím cơ Gaming K550 Ziyou Red Switch - Có Hot-swap TKL 87 phím , LED Rainbow , chống nước','>> Lưu ý : phiên bản Trắng Đen Case là màu trắng . Trắng đen chỉ đại diện cho màu keycap\n\nHot-swap sẽ chỉ có phiên bản RED swtich là có hot-swap , anh em mua hàng có thể cân nhắc lựa chọn ạ\n\n\n\n🔥 BÀN PHÍM CƠ GAMING LEAVEN K550 BLUE SWITCH\n\n- Là mẫu bàn phím TKL với 87 phím cơ , sử dụng trục cơ khí Blue Switch\n\n- Dải LED Rainbow phân vùng đồng thời phím là dạng LED xuyên kết hợp với 9 chế độ LED khác nhau\n\n- Mặt phím sử dụng công nghệ khắc Laser chống phai màu theo thời gian\n\n- Trục phím cơ Blue Switch 1 trong những loại phím cơ tốt nhất trên thị trường, cho hành trình phím , âm phím cũng như trải nghiệm dùng tốt nhất\n\n- Thiết kế và bốc cục phím độc với dạng công thái học , mặt phím từ thấp lên cao giúp người dùng dễ làm quen với phím và sẽ không bị mỏi khi làm việc trong thời gian dài\n\n- Dạng phím là Double Short giúp bạn dễ dàng tháo , thay thế , trang trí cũng như vệ sinh phím 1 cách dễ dàng\n\n- Tính năng ấn tượng nhất trên phím là khả năng chống nước chống bụi \n\n- Toàn bộ phím được làm bằng nhựa ABS có độ bền cao giúp tổng trọng lượng phím chỉ khoảng 600-800 gram giúp bạn dễ dàng mang theo khi đi xa.\n\n- Phiên bản blue swtich sẽ có tên model là A950 . \n\n\n\nThông số chi tiết :\n\n- Model: K550\n\n- Kiểu phím : TKL 87 phím\n\n- Kích thước: 360x130x36 (mm)\n\n- Màu sắc: Đen, Trắng , trắng đen, đen trắng\n\n- Hiệu ứng ánh sáng: 9 Hiệu ứng5 \n\n- Giao diện: cáp USB với cục chống nhiễu\n\n- Chiều dài dây: 1.8m/5,91ft\n\n- Loại switch: Blue switch / Red swtich\n\n- Khả năng tương thích hệ thống: Dành cho tất cả các hệ điều hành window 7 trở lên , mac 10.2 trở lên\n\n- Trục phím cơ : Blue switch / Red swtich\n\n- Chống nước , bụi : Có\n\n- LED : Rainbow phân vùng , xuyên phím\n\n- Chất liệu : Nhựa ABS\n\n- Dạng Phím : Double short\n\n( Phiên bản blue swtich sẽ không có hot-swap )','ImageProduct/131/131_0.png,ImageProduct/131/131_1.png,ImageProduct/131/131_2.png,ImageProduct/131/131_3.png,ImageProduct/131/131_4.png,ImageProduct/131/131_5.png,ImageProduct/131/131_6.png,ImageProduct/131/131_7.png,ImageProduct/131/131_8.png',20000,20000,'2024-06-13 00:18:07',46,0,0,1),
                              (132,'Bàn phím cơ không dây MONKA 3075 pro ver 2 - 3 mode kết nối - Mạch xuôi - Led RGB- có màn LED Custom','Flash Titan CAM KẾT:\n\n- Sản phẩm 100% giống mô tả và video\n\n- Sản phẩm được kiểm tra kỹ càng và đóng gói cẩn thận trước khi giao cho Quý Khách\n\n- Giao hàng thanh toán tại nhà trên toàn quốc\n\n- Đổi trả theo quy định của shopee\n\n- Hỗ trợ phí ship 1 chiều với các đơn hàng bảo hành hoặc đổi trả sản phẩm\n\n\n\nLƯU Ý: Phiên bản mix màu xanh trắng và Xanh đen sẽ là Keycap PBT double shot switch mới.\n\nPhân loại Bàn phím R81 sẽ có led RGB, 3 mode, keycap PBT doublue shot,stab PCB\n\nQuý khách lưu ý lựa chọn đúng phân loại phù hợp\n\n----------------------------------------------------\n\n1. Ưu điểm nổi bật \n\n- Monka 3075 Pro là bàn phím cơ đầu tiên trong phân khúc 1 triệu trang bị mạch led xuôi.\n\n- Được trang bị tính năng hotswap tiện lợi giúp bạn dễ dàng thay đổi keycap mà mình mong muốn \n\n- Trục cơ 5 pin thay đổi switch dễ dàng, tốc độ phản hồi nhanh, đã được lube sẵn và lót foam đầy đủ \n\n- Keycap ABS phối màu trẻ trung, đặc biệt không bị bóng mờ và chống mồ hôi tay. \n\n- Cáp type C rời tiện lợi giúp dễ dàng di chuyển với chiếc bàn phím nhỏ gọn, chiều dài cáp lên tới 1.5m \n\n- Hỗ trợ đa nền tảng: hầu hết mọi hệ điều hành đều sử dụng được \n\n- Led RGB với 20 chế độ nháy khác nhau, cho bạn thoả sức thay đổi góc gaming của mình \n\n- Màn hình led có thể tùy chỉnh ngoài ra sản phẩm còn có app trên máy tính, giúp bạn thao tác dễ dàng tiện lợi.','ImageProduct/132/132_0.png,ImageProduct/132/132_1.png,ImageProduct/132/132_2.png,ImageProduct/132/132_3.png,ImageProduct/132/132_4.png,ImageProduct/132/132_5.png,ImageProduct/132/132_6.png',20000,20000,'2024-06-13 00:22:43',16,0,0,1),
                              (133,'Bàn Phím Cơ Xinmeng X87 Blue Switch Led Rgb Có Hotswap 87 Phím , Hỗ trợ bluetooth , nhiều màu lựa chọn, bàn phím Gaming','Bàn Phím Cơ Xinmeng X87 Blue Switch\n✅ Chất liệu: nhựa ABS\n✅ Phương thức kết nối: có dây (type-c với usb)\n✅ Các phím chức năng đa phương tiện: Có\n✅ Hỗ trợ công thái học: Có\n✅ Số phím: 87 phím\n✅ Bàn phím cơ: Có\n✅ Hiệu ứng đèn nền: MIXED / RGB \n✅ Tỷ lệ bỏ phiếu bàn phím: 1000HZ\n✅ Kích thước: 320 * 130 * 30mm\n✅Trọng lượng sản phẩm: 705g\n✅Chiều dài cáp: 1.5M\n\n🔊 Tính năng sản phẩm🔊\nTrình điều khiển - Các chức năng chính có thể tùy chỉnh và màu sắc ánh sáng\nBàn phím đầy đủ có thể thay thế nóng, có thể sử dụng công tắc 3pin và 5pin\nGiá đỡ miếng đệm - Bàn phím mềm hơn, trải nghiệm đánh máy và chơi game mượt mà hơn\n💡Phiên bản ánh sáng hỗn hợp (30 chế độ ánh sáng)\n● Fn + INS, chuyển chế độ đèn.\n● Fn + ESC, nhấn và giữ để khôi phục chế độ ánh sáng liên tục\n● Fn + ⬇️ Phím mũi tên, giảm độ sáng đèn nền\n● Fn + ⬆️ Phím mũi tên, tăng độ sáng đèn nền.\n● Fn + ⬅️ Các phím mũi tên để giảm tốc độ đèn nền\n● Fn + ➡️ Phím mũi tên để tăng tốc độ đèn nền.\n\nLƯU Ý QUAN TRỌNG: CHỈ SẠC BÀN PHÍM BẰNG CÁCH CẮM CÁP VÀO MÁY TÍNH, LAPTOP, TUYỆT ĐỐI KHÔNG SỬ DỤNG CỦ SẠC.\nNếu sử dụng củ sạc gây cháy hỏng bàn phím sẽ mất bảo hành.','ImageProduct/133/133_0.png,ImageProduct/133/133_1.png,ImageProduct/133/133_2.png,ImageProduct/133/133_3.png,ImageProduct/133/133_4.png,ImageProduct/133/133_5.png,ImageProduct/133/133_6.png,ImageProduct/133/133_7.png,ImageProduct/133/133_8.png',20000,20000,'2024-06-13 00:32:42',36,0,0,1),
                              (134,'Bàn Phím Cơ Gaming LANGTU LT84 pro Không Dây, Bàn Phím cơ Bluetooth 3 mode Hotswap LED RGB Bàn phím cao cấp cho game thủ','Bàn Phím Cơ LANGTU LT84 Hotswap đèn LED RGB Có Dây/ Không Dây/Bluetooth, Gaming, Màn hình Gif, Núm điều chỉnh\n--------------------------------------------\n\nBàn phím cơ Langtu LT84 là bàn phím hotswap có 2 dòng cao cấp và thường, có kích thước nhỏ gọn thiết kế đầy đủ phím; switch tinh tế, mang lại trải nghiệm gõ tuyệt vời, phù hợp để sử dụng như 1 bàn phím máy tính văn phòng, bàn phím gaming, bàn phím cá nhân,...\n\nTHÔNG SỐ SẢN PHẨM:\n- Tên sản phẩm: Bàn phím cơ Langtu LT84\n- Bản Pro: V2 \n+ Kết nối: Triple mode - Wireless không dây 2.4G/ Có dây/Bluetooth\n+ Màn hình: kĩ thuật số, hiện hình ảnh\n+ Đèn: Led RGB\n+ Trục: sea air switch\n+ Hotswap 5 chân\n\n- Bản thường:\n+ Kết nối: Có dây\n+ Màn hình: kĩ thuật số \n+ Đèn: 19 hiệu ứng sáng\n+ Trục: silver switch\n+ Hotswap 5 chân\n\n-Tương thích: Window/mac/ios/android\n- Kích thước: 362x138x29mm\n \nĐẶC ĐIỂM VÀ CÔNG DỤNG SẢN PHẨM:\n- Tên sản phẩm: Bàn phím cơ Langtu LT84\n- Trục: Sea air V3 switch dòng linear chính hãng langtu\n- Màu sắc:\n+ Dòng cao cấp: Xanh, Ghi, Trắng\n+ Dòng thường: Xanh xám, Xanh trắng, Xanh nhạt\n- Bàn phímcơ gaming Langtu LT84 được thiết kế chống ồn thông minh, phím nhạy, chắc chắn đầm tay, cho trải nghiệm bấm thoải mái.\n- Bàn phím bluetooth không dây Langtu LT84 thiết kế nhỏ gọn tiện lợi, dễ dàng mang theo và sử dụng kết hợp với chế độ kết nối triple mode\n- Bàn phím máy tính cơ Langtu LT84 Hotswap có pin khỏe, đảm bảo tuổi thọ cao.\n- Bàn phím cơ không dây/có dây langtu LT84 thiết kế đèn led mix color nhiều chế độ hiệu ứng sinh động, có thể ứng dụng làm đồ decor góc làm việc cực xinh.\n- Bàn phím hotswap LT84 có thể sử dụng cho máy tính PC, laptop, điện thoại, mac,...\n- Bàn phím cơ Langtu LT84 có 2 dòng cao cấp và thường, tương ứng với dòng bàn phím có dây và không dây\n\nCAM KẾT TỪ LANGTU OFFICIAL ONLINE STORE:\n\n- Hình ảnh và video có thể sai số về màu sắc do điệu kiện chụp và ánh sáng có thể khác so với mắt thường. Chúng tôi cam kết hình ảnh và video 100% là ảnh thật, đúng mô tả.\n- Giao hàng thanh toán tại nhà trên toàn quốc\n- Đổi trả theo quy định của shopee (miễn phí)\n- Khi có vấn đề về đơn hàng hay cần tư vấn về sản phẩm, đừng ngần ngại inbox ngay cho shop để được giải quyết nhanh chóng!\n\n- Chế độ bảo hành và hậu mãi:\n+ Đối với các lỗi phát sinh đáp ứng tiêu chí bảo hành của shop, shop sẽ hỗ trợ 1 chiều phí vận chuyển gửi bảo hành.\n+ Bảo hành các lỗi của NSX như: không lên nguồn, sạc không vào, quạt không quay, analog bị loạn, liệt nút, loạn phím, sò không lạnh,...\n+ Bảo hành 6 tháng\n+ Không bảo hành các trường hợp sau: có tác động của ngoại lực, vào nước, cháy nổ, rơi vỡ, sử dụng nguồn điện không tương thích với thiết bị,...\n\n✅Hotline/zalo hỗ trợ:  0812112729\n✅Miễn phí đổi trả trong vòng 15 ngày \n\n#banphim #banphimmaytinh #banphimgaming #banphimvanphong #banphimco #banphimkhongday #bluetooth #banphimcogaming #phukienmaytinh #ban #phim #banphimmac #banphimpc #banphimmac #banphimLT84 #LT84 #gaming #phukienpc #banphimco #banphimlaptop #ketnoidienthoai #ketnoikhongday #langtu','ImageProduct/134/134_0.png,ImageProduct/134/134_1.png,ImageProduct/134/134_2.png,ImageProduct/134/134_3.png,ImageProduct/134/134_4.png,ImageProduct/134/134_5.png,ImageProduct/134/134_6.png,ImageProduct/134/134_7.png,ImageProduct/134/134_8.png',20000,20000,'2024-06-13 00:46:01',25,1,0,1),
                              (135,'[1005 Chi Tiết] Bộ đồ chơi lắp ráp xếp hình Tàu Chiến Hạm TC1005 lực lượng cảnh sát bảo vệ bờ biển','SẢN PHẨM ĐĂNG LẠI\n⚡⚡⚡ Trẻ em Thông Minh qua cách giáo dục của bố mẹ ! Theo nghiên cứu 28% trẻ em thông minh hơn khi được tự do vui chơi sáng tạo. Hãy để con em bạn phát triển tư duy sáng tạo qua Bộ Đồ Chơi lắp ráp đa dạng của #VuaDoChoiZ\n- [1005 CHI TIẾT]BỘ ĐỒ CHƠI LẮP RÁP XẾP HÌNH TÀU CHIẾN HẠM TUẦN DƯƠNG BẢO VỆ BỜ BIỂN THUYỀN CHIẾN\n☘ Gồm 1005 chi tiết với 8 mô hình khác nhau, 6 nhân vật cảnh sát . Bộ lắp ráp xếp hình có tới 25 cách chơi khác nhau giúp bé thỏa sức sáng tạo. Sách hướng dẫn đi kèm giúp bé dễ dàng xếp hình\n☘ Chất liệu nhựa ABS cao cấp bền bỉ và an toàn\n☘ Kích thước: 40*20*15 cm (kích thước thật)\n☘ Trọng lượng: 2.2 KG\nCông dụng\n☘ Bộ đồ chơi CHIẾN HẠM TUẦN DƯƠNG BẢO VỆ BỜ BIỂN giúp bé hóa thân thành lực lượng cảnh sát bảo vệ bờ biển khỏi thế lực xâm lăng. Giúp phát triển tư duy logic, với nhiều kiểu chơi sẽ giúp bé thích thú hơn\n☘ Bố mẹ có thể rèn luyện tính cẩn thận và gọn gàng sau khi chơi xong sẽ bỏ hết đồ chơi vào HỘP đi kèm\n☘ Phù hợp với bé từ 4 tuổi trở lên\n\n🔶 VuaDoChoiz xin cam kết giao hàng chuẩn , bảo hành 6 tháng\n🔶 Hàng lỗi, hỏng do nhà cung cấp đổi mới 100%\n','ImageProduct/135/135_0.png,ImageProduct/135/135_1.png,ImageProduct/135/135_2.png,ImageProduct/135/135_3.png,ImageProduct/135/135_4.png,ImageProduct/135/135_5.png,ImageProduct/135/135_6.png,ImageProduct/135/135_7.png',6,20002,'2024-06-13 01:11:48',32,0,0,1),
                              (136,'Trò chơi rút gỗ 54 thanh, Bộ đồ chơi rút gỗ tăng khả năng sáng tạo và tư duy cho bé mới 0079843','Trò chơi rút gỗ 54 thanh bao gồm 54 miếng gỗ và 4 xúc  xắc được làm bằng gỗ thông và được sử lý rất kỹ \n\n\n\nĐÂY LÀ BỘ LOẠI NHỎ Ạ, KHÁCH ĐỪNG NHẦM VỚI LOẠI TO NHA !\n\nKÍCH THƯỚC 1 THANH GỖ: 5 cm x 2cm x 1cm \n\n\n\n Trò rút gỗ vừa mang tính giải trí vừa giúp bạn rèn luyện khả năng quan sát khéo léo, khả năng quan sát, tư duy, tính kiên nhẫn, óc phán đoán.\n\n \n\nToàn bộ từng thanh gỗ đều được làm từ chất liệu gỗ tự nhiên, được gia công kỹ lưỡng với bề mặt láng mịn, đảm bảo an toàn tuyệt đối cho cả trẻ nhỏ khi sử dụng\n\n \n\nĐặc biệt trò chơi rút gỗ có thể chơi cùng lúc nhiều người và thích hợp cho mọi lứa tuổi điều đó sẽ mang đến cho bạn những giây phút thư giãn thú vị cùng bạn bè và gia đình\n\nVới kích thước nhỏ gọn dễ dàng mang đi mội nơi rất thích hợp cho những chuyến đi chơi hoặc đi picnich\n\nMột số  thông tin chi tiết về sản phẩm:\n\n– Sản phẩm: Bộ rút gỗ 54 thanh \n\n– Công dụng: giúp rèn luyện khả năng tư duy, khéo léo\n\n– Bao gồm: 54 thanh gỗ được đánh số từ 1 – 54, 4 xúc xắc\n\n– Chất liệu: Gỗ thông tự nhiên\n\n– Kích thước 1 thanh gỗ: 5 cm x 2cm x 1cm \n\n– Màu sắc: Màu gỗ\n\n\n\n- Xuất xứ: Trung Quốc\n\n- Nhà Sản Xuất: Yiwu Zhongteng Arts & Crafts Co., Ltd.\n\n- Nhập khẩu: Công ty TNHH Thương Mại và Xuất Nhập Khẩu Quốc Tế Vĩnh Phát\n\n- Địa chỉ: Huyện Yên Lạc, tỉnh Vĩnh Phúc\n\n\n\n#botrochoirutgo #trochoirutgo #borutgo #rutgo #rutgolon #Rutgoloaito #rutgo54thanh #trochoirutgolon \n\n#dochoirubik\n\n#rubik','ImageProduct/136/136_0.png,ImageProduct/136/136_1.png,ImageProduct/136/136_2.png,ImageProduct/136/136_3.png,ImageProduct/136/136_4.png,ImageProduct/136/136_5.png,ImageProduct/136/136_6.png,ImageProduct/136/136_7.png,ImageProduct/136/136_8.png',1,20002,'2024-06-13 01:14:02',45,1,0,1),
                              (137,'Cây Xương Rồng Nhảy Múa Phát Ra Âm Thanh Vui Nhộn Cho Bé - có nhại tiếng + bài hát [ Click Giỏ Hàng Quà Tặng Miễn Phí ]','- CHÚ Ý  : [ Click Giỏ Hàng Quà Tặng Miễn Phí ]\nShop đang có chương trình Tặng quà miễn phí ~ Quý Khách Hàng Ấn vào Sản Phẩm sau đó Thêm vào giỏ hàng ~> click Giỏ Hàng đã thêm sau đó chọn Mua để được nhận Quà Miễn Phí ạ\n                  + PHÂN LOẠI SẠC { ĐÃ CÓ SẴN PIN BÊN TRONG } \n                   + PHÂN LOẠI DÙNG PIN { CHƯA CÓ PIN  VUI LÒNG QUÝ KHÁCH CHUẨN BỊ 3 QUẢ PIN TIỂU AAA }\n- tổng quà tặng {19 phần quà màgf khác hàng chọn } là 2 câp bút bị mầu ngẫu nhiên mọi người nhé. cả em nghi rất rõ trong hình ảnh và mô tả cả nhà đừng đòi enm 19 cây bút nhé \n+ thông tin sản phẩm \n- cây 120 bài hát\n- có chế độ bắt chiếc giọng nói \n\nĐược làm bằng chất liệu vải, thân thiện với môi trường và độ bền cao.\n  Đồ chơi cây xương rồng có thể nhảy, hát, di chuyển, xoay, mang lại cho bé những giây phút vui vẻ.\n  Đồ chơi cây xương rồng đang nhảy múa có thể thu hút sự chú ý của trẻ em, và rất tốt cho việc giáo dục sớm.\n  Đồ chơi xương rồng không chỉ là một món đồ chơi mang tính giáo dục mà còn có thể dùng để trang trí cho ngôi nhà của bạn thêm phần hấp dẫn.\n  Món quà hoàn hảo cho trẻ em cho dịp lễ hội, sinh nhật.\n  Bảng kích thước:\n  Chiều cao: Khoảng 32cm / 12,60 inch','ImageProduct/137/137_0.png,ImageProduct/137/137_1.png,ImageProduct/137/137_2.png,ImageProduct/137/137_3.png,ImageProduct/137/137_4.png',6,20002,'2024-06-13 01:17:21',5,0,0,1);


INSERT INTO `variation` VALUES
                               (20000,129,'Phân Loại'),
                               (20001,130,'Phân Loại'),
                               (20002,131,'Model'),
                               (20003,132,'Màu Sắc'),
                               (20004,133,'XINMENG X97'),
                               (20005,134,'Phân Loại'),
                               (20006,135,'Chọn Tàu');

INSERT INTO `variation_option` VALUES
                                      (20000,20000,'Business Gray PRO'),
                                      (20001,20000,'Time Machine PRO'),
                                      (20002,20000,'Lavender Blue PRO'),
                                      (20003,20001,'DUSTY WHITE Dùng Dây'),
                                      (20004,20001,'Xanh Đen Không Dây'),
                                      (20005,20001,'DUSTY WHITE Ko Dây'),
                                      (20006,20001,'BLACKBERRY Ko Dây'),
                                      (20007,20002,'Trắng - Red switch'),
                                      (20008,20002,'Đen - Red swtich'),
                                      (20009,20002,'Trắng Đen - Red'),
                                      (20010,20002,'Đen Trắng - Red'),
                                      (20011,20002,'Trắng - Blue A950'),
                                      (20012,20002,'Trắng Đen Blue A950'),
                                      (20013,20003,'Xanh đen (sea salt)'),
                                      (20014,20003,'3098 pro Xanh đen'),
                                      (20015,20003,'R81 xanh yellow'),
                                      (20016,20004,'XANH'),
                                      (20017,20004,'TÍM'),
                                      (20018,20005,'Ghi xám - thường'),
                                      (20019,20005,'Xanh trắng - thường'),
                                      (20020,20005,'xanh trắng - 3 mode'),
                                      (20021,20005,'ghi xám - 3 mode'),
                                      (20022,20005,'trắng đen xanh 3mode'),
                                      (20023,20006,'Tàu 1005 - Túi'),
                                      (20024,20006,'Tàu 1005 - Hộp'),
                                      (20025,20006,'Tàu 651 - Túi'),
                                      (20026,20006,'Tàu 651 - HỘP'),
                                      (20027,20006,'Tàu 545 - Túi'),
                                      (20028,20006,'Tàu 545 - Hộp'),
                                      (20029,20006,'Tàu 550 - Túi'),
                                      (20030,20006,'Tàu 550 - HỘP'),
                                      (20031,20006,'Tàu 500 - Túi'),
                                      (20032,20006,'Tàu 500 - Hộp'),
                                      (20033,20006,'Tàu 900 - Túi'),
                                      (20034,20006,'Tàu 810 - Túi');

INSERT INTO `product_item` VALUES
                               (20000,129,'ImageProduct/129/129_01.png',NULL,20000,100,1900000),
                               (20001,129,'ImageProduct/129/129_02.png',NULL,20001,100,1900000),
                               (20002,129,'ImageProduct/129/129_03.png',NULL,20002,100,1900000),
                               (20003,130,'ImageProduct/130/130_01.png',NULL,20003,100,1400000),
                               (20004,130,'ImageProduct/130/130_02.png',NULL,20004,100,1700000),
                               (20005,130,'ImageProduct/130/130_03.png',NULL,20005,100,1800000),
                               (20006,130,'ImageProduct/130/130_04.png',NULL,20006,100,1800000),
                               (20007,131,NULL,NULL,20007,100,500000),
                               (20008,131,'ImageProduct/131/131_02.png',NULL,20008,100,500000),
                               (20009,131,'ImageProduct/131/131_03.png',NULL,20009,100,500000),
                               (20010,131,'ImageProduct/131/131_04.png',NULL,20010,100,500000),
                               (20011,131,'ImageProduct/131/131_05.png',NULL,20011,100,500000),
                               (20012,131,'ImageProduct/131/131_06.png',NULL,20012,100,500000),
                               (20013,132,'ImageProduct/132/132_01.png',NULL,20013,100,1500000),
                               (20014,132,'ImageProduct/132/132_02.png',NULL,20014,100,1550000),
                               (20015,132,'ImageProduct/132/132_03.png',NULL,20015,100,1400000),
                               (20016,133,'ImageProduct/133/133_01.png',NULL,20016,100,967000),
                               (20017,133,'ImageProduct/133/133_02.png',NULL,20017,100,967000),
                               (20018,134,'ImageProduct/134/134_01.png',NULL,20018,50,825000),
                               (20019,134,'ImageProduct/134/134_02.png',NULL,20019,100,825000),
                               (20020,134,'ImageProduct/134/134_03.png',NULL,20020,100,1320000),
                               (20021,134,'ImageProduct/134/134_04.png',NULL,20021,100,1320000),
                               (20022,134,'ImageProduct/134/134_05.png',NULL,20022,100,1320000),
                               (20023,135,'ImageProduct/135/135_01.png',NULL,20023,50,339000),
                               (20024,135,'ImageProduct/135/135_02.png',NULL,20024,100,356000),
                               (20025,135,'ImageProduct/135/135_03.png',NULL,20025,100,160000),
                               (20026,135,'ImageProduct/135/135_04.png',NULL,20026,100,180000),
                               (20027,135,'ImageProduct/135/135_05.png',NULL,20027,100,158000),
                               (20028,135,'ImageProduct/135/135_06.png',NULL,20028,100,178000),
                               (20029,135,'ImageProduct/135/135_07.png',NULL,20029,200,195000),
                               (20030,135,'ImageProduct/135/135_08.png',NULL,20030,100,215000),
                               (20031,135,'ImageProduct/135/135_09.png',NULL,20031,80,169000),
                               (20032,135,'ImageProduct/135/135_010.png',NULL,20032,70,189000),
                               (20033,135,'ImageProduct/135/135_011.png',NULL,20033,50,339000),
                               (20034,135,'ImageProduct/135/135_012.png',NULL,20034,100,359000),
                               (20035,136,'ImageProduct/136/136_0.png',NULL,NULL,200,40000),
                               (20036,137,'ImageProduct/137/137_0.png',NULL,NULL,100,60000);